Code,Date,EstimatedInfectous
AD,2020-03-30 00:00:00,1527
AD,2020-03-31 00:00:00,7657
AD,2020-04-02 00:00:00,12541
AE,2020-03-24 00:00:00,1584
AE,2020-03-25 00:00:00,2480
AE,2020-03-27 00:00:00,2480
AE,2020-03-30 00:00:00,4050
AE,2020-03-31 00:00:00,3302
AE,2020-04-02 00:00:00,3295
AF,2020-03-25 00:00:00,1480
AF,2020-03-27 00:00:00,1480
AF,2020-03-30 00:00:00,1880
AF,2020-03-31 00:00:00,3057
AF,2020-04-02 00:00:00,13557
AG,2020-03-25 00:00:00,30
AG,2020-03-27 00:00:00,30
AG,2020-03-30 00:00:00,50
AG,2020-03-31 00:00:00,100
AG,2020-04-02 00:00:00,200
AL,2020-03-24 00:00:00,1040
AL,2020-03-25 00:00:00,1230
AL,2020-03-27 00:00:00,1230
AL,2020-03-30 00:00:00,1860
AL,2020-03-31 00:00:00,5315
AL,2020-04-02 00:00:00,2187
AM,2020-03-24 00:00:00,1940
AM,2020-03-25 00:00:00,2650
AM,2020-03-27 00:00:00,2650
AM,2020-03-30 00:00:00,3290
AM,2020-03-31 00:00:00,5620
AM,2020-04-02 00:00:00,4916
AO,2020-03-25 00:00:00,270
AO,2020-03-27 00:00:00,270
AO,2020-03-30 00:00:00,310
AO,2020-03-31 00:00:00,1409
AO,2020-04-02 00:00:00,2540
AR,2020-03-24 00:00:00,2660
AR,2020-03-25 00:00:00,3010
AR,2020-03-27 00:00:00,3010
AR,2020-03-30 00:00:00,5890
AR,2020-03-31 00:00:00,21002
AR,2020-04-02 00:00:00,23825
AS,2020-03-25 00:00:00,20
AS,2020-03-27 00:00:00,20
AT,2020-03-24 00:00:00,32496
AT,2020-03-25 00:00:00,62023
AT,2020-03-27 00:00:00,62023
AT,2020-03-30 00:00:00,87057
AT,2020-03-31 00:00:00,151844
AT,2020-04-02 00:00:00,43622
AU,2020-03-24 00:00:00,8622
AU,2020-03-25 00:00:00,11006
AU,2020-03-27 00:00:00,11006
AU,2020-03-30 00:00:00,15028
AU,2020-03-31 00:00:00,28592
AU,2020-04-02 00:00:00,40077
AZ,2020-03-24 00:00:00,720
AZ,2020-03-25 00:00:00,870
AZ,2020-03-27 00:00:00,870
AZ,2020-03-30 00:00:00,1650
AZ,2020-03-31 00:00:00,3343
AZ,2020-04-02 00:00:00,2169
BA,2020-03-24 00:00:00,1280
BA,2020-03-25 00:00:00,1660
BA,2020-03-27 00:00:00,1660
BA,2020-03-30 00:00:00,2320
BA,2020-03-31 00:00:00,9512
BA,2020-04-02 00:00:00,6769
BB,2020-03-25 00:00:00,190
BB,2020-03-27 00:00:00,190
BB,2020-03-30 00:00:00,260
BB,2020-03-31 00:00:00,520
BB,2020-04-02 00:00:00,500
BD,2020-03-25 00:00:00,780
BD,2020-03-27 00:00:00,780
BD,2020-03-30 00:00:00,960
BD,2020-03-31 00:00:00,4000
BD,2020-04-02 00:00:00,4000
BE,2020-03-24 00:00:00,32731
BE,2020-03-25 00:00:00,38369
BE,2020-03-27 00:00:00,38369
BE,2020-03-30 00:00:00,73124
BE,2020-03-31 00:00:00,323836
BE,2020-04-02 00:00:00,254616
BF,2020-03-25 00:00:00,2280
BF,2020-03-27 00:00:00,2280
BF,2020-03-30 00:00:00,3600
BF,2020-03-31 00:00:00,12700
BF,2020-04-02 00:00:00,11771
BG,2020-03-24 00:00:00,2010
BG,2020-03-25 00:00:00,2180
BG,2020-03-27 00:00:00,2180
BG,2020-03-30 00:00:00,2930
BG,2020-03-31 00:00:00,8173
BG,2020-04-02 00:00:00,3412
BH,2020-03-24 00:00:00,5236
BH,2020-03-25 00:00:00,6416
BH,2020-03-27 00:00:00,6416
BH,2020-03-30 00:00:00,8009
BH,2020-03-31 00:00:00,4000
BH,2020-04-02 00:00:00,768
BJ,2020-03-25 00:00:00,310
BJ,2020-03-27 00:00:00,310
BJ,2020-03-30 00:00:00,320
BJ,2020-03-31 00:00:00,640
BJ,2020-04-02 00:00:00,200
BN,2020-03-24 00:00:00,910
BN,2020-03-25 00:00:00,1090
BN,2020-03-27 00:00:00,1090
BN,2020-03-30 00:00:00,1150
BN,2020-03-31 00:00:00,821
BN,2020-04-02 00:00:00,296
BO,2020-03-25 00:00:00,640
BO,2020-03-27 00:00:00,640
BO,2020-03-30 00:00:00,1220
BO,2020-03-31 00:00:00,4425
BO,2020-04-02 00:00:00,1701
BR,2020-03-24 00:00:00,32580
BR,2020-03-25 00:00:00,44020
BR,2020-03-27 00:00:00,44020
BR,2020-03-30 00:00:00,68340
BR,2020-03-31 00:00:00,209658
BR,2020-04-02 00:00:00,189731
BS,2020-03-25 00:00:00,60
BS,2020-03-27 00:00:00,60
BS,2020-03-30 00:00:00,110
BT,2020-03-25 00:00:00,83
BT,2020-03-27 00:00:00,83
BT,2020-03-30 00:00:00,93
BT,2020-03-31 00:00:00,186
BT,2020-04-02 00:00:00,40
BY,2020-03-24 00:00:00,405
BY,2020-03-25 00:00:00,405
BY,2020-03-27 00:00:00,405
BY,2020-03-30 00:00:00,470
BY,2020-03-31 00:00:00,630
BY,2020-04-02 00:00:00,1201
BZ,2020-03-25 00:00:00,30
BZ,2020-03-27 00:00:00,30
BZ,2020-03-30 00:00:00,40
CA,2020-03-24 00:00:00,19083
CA,2020-03-25 00:00:00,27521
CA,2020-03-27 00:00:00,27521
CA,2020-03-30 00:00:00,50287
CA,2020-03-31 00:00:00,126854
CA,2020-04-02 00:00:00,158250
CD,2020-03-30 00:00:00,1080
CF,2020-03-25 00:00:00,280
CF,2020-03-27 00:00:00,280
CF,2020-03-30 00:00:00,280
CF,2020-04-02 00:00:00,600
CG,2020-03-25 00:00:00,290
CG,2020-03-25 00:00:00,900
CG,2020-03-27 00:00:00,290
CG,2020-03-27 00:00:00,900
CG,2020-03-30 00:00:00,290
CI,2020-03-25 00:00:00,1460
CI,2020-03-27 00:00:00,1460
CI,2020-03-30 00:00:00,2020
CI,2020-03-31 00:00:00,4000
CI,2020-04-02 00:00:00,5756
CL,2020-03-24 00:00:00,7460
CL,2020-03-25 00:00:00,9220
CL,2020-03-27 00:00:00,9220
CL,2020-03-30 00:00:00,9057
CL,2020-03-31 00:00:00,18649
CL,2020-04-02 00:00:00,21993
CM,2020-03-25 00:00:00,1320
CM,2020-03-27 00:00:00,1320
CM,2020-03-30 00:00:00,1820
CM,2020-03-31 00:00:00,5911
CM,2020-04-02 00:00:00,10000
CN-HK,2020-03-24 00:00:00,712
CN-HK,2020-03-25 00:00:00,772
CN-HK,2020-03-27 00:00:00,772
CN-HK,2020-03-30 00:00:00,1036
CN-HK,2020-03-31 00:00:00,1036
CN-HK,2020-04-02 00:00:00,1036
CN-MO,2020-03-30 00:00:00,350
CN,2020-03-24 00:00:00,13000
CN,2020-03-30 00:00:00,3500
CN,2020-03-31 00:00:00,4000
CN,2020-04-02 00:00:00,4000
CO,2020-03-24 00:00:00,2350
CO,2020-03-25 00:00:00,3997
CO,2020-03-27 00:00:00,3997
CO,2020-03-30 00:00:00,4910
CO,2020-03-31 00:00:00,15855
CO,2020-04-02 00:00:00,19789
CR,2020-03-24 00:00:00,1340
CR,2020-03-25 00:00:00,1770
CR,2020-03-27 00:00:00,1770
CR,2020-03-30 00:00:00,2310
CR,2020-03-31 00:00:00,2483
CR,2020-04-02 00:00:00,4803
CU,2020-03-25 00:00:00,960
CU,2020-03-27 00:00:00,960
CU,2020-03-30 00:00:00,1600
CU,2020-03-31 00:00:00,4382
CU,2020-04-02 00:00:00,6578
CV,2020-03-25 00:00:00,50
CV,2020-03-27 00:00:00,50
CV,2020-03-30 00:00:00,60
CY,2020-03-24 00:00:00,1180
CY,2020-03-25 00:00:00,3020
CY,2020-03-27 00:00:00,3020
CY,2020-03-30 00:00:00,3130
CY,2020-03-31 00:00:00,7394
CY,2020-04-02 00:00:00,2796
CZ,2020-03-24 00:00:00,4000
CZ,2020-03-25 00:00:00,7945
CZ,2020-03-27 00:00:00,7945
CZ,2020-03-30 00:00:00,8931
CZ,2020-03-31 00:00:00,22433
CZ,2020-04-02 00:00:00,14627
DE,2020-03-24 00:00:00,62016
DE,2020-03-25 00:00:00,280810
DE,2020-03-27 00:00:00,280810
DE,2020-03-30 00:00:00,238266
DE,2020-03-31 00:00:00,589473
DE,2020-04-02 00:00:00,413381
DJ,2020-03-25 00:00:00,50
DJ,2020-03-27 00:00:00,50
DJ,2020-03-30 00:00:00,140
DJ,2020-03-31 00:00:00,280
DJ,2020-04-02 00:00:00,280
DK,2020-03-24 00:00:00,27060
DK,2020-03-25 00:00:00,34860
DK,2020-03-27 00:00:00,34860
DK,2020-03-30 00:00:00,52595
DK,2020-03-31 00:00:00,105190
DK,2020-04-02 00:00:00,78000
DM,2020-03-25 00:00:00,40
DM,2020-03-27 00:00:00,40
DM,2020-03-30 00:00:00,130
DO,2020-03-24 00:00:00,2450
DO,2020-03-25 00:00:00,3120
DO,2020-03-27 00:00:00,3120
DO,2020-03-30 00:00:00,5810
DO,2020-03-31 00:00:00,30793
DO,2020-04-02 00:00:00,46684
DZ,2020-03-24 00:00:00,3774
DZ,2020-03-25 00:00:00,4008
DZ,2020-03-27 00:00:00,4008
DZ,2020-03-30 00:00:00,3805
DZ,2020-03-31 00:00:00,17311
DZ,2020-04-02 00:00:00,43455
EC,2020-03-24 00:00:00,7848
EC,2020-03-25 00:00:00,10820
EC,2020-03-27 00:00:00,10820
EC,2020-03-30 00:00:00,14030
EC,2020-03-31 00:00:00,58028
EC,2020-04-02 00:00:00,97708
EE,2020-03-24 00:00:00,2816
EE,2020-03-25 00:00:00,3690
EE,2020-03-27 00:00:00,3690
EE,2020-03-30 00:00:00,5750
EE,2020-03-31 00:00:00,7318
EE,2020-04-02 00:00:00,2087
EG,2020-03-25 00:00:00,19500
EG,2020-03-27 00:00:00,19500
EG,2020-03-30 00:00:00,23738
EG,2020-03-31 00:00:00,100000
EG,2020-04-02 00:00:00,80000
ER,2020-03-25 00:00:00,260
ER,2020-03-27 00:00:00,260
ER,2020-03-30 00:00:00,310
ER,2020-03-31 00:00:00,400
ER,2020-04-02 00:00:00,400
ES,2020-03-24 00:00:00,343397
ES,2020-03-25 00:00:00,638707
ES,2020-03-27 00:00:00,638707
ES,2020-03-30 00:00:00,663459
ES,2020-03-31 00:00:00,3439218
ES,2020-04-02 00:00:00,1968106
ET,2020-03-25 00:00:00,370
ET,2020-03-27 00:00:00,370
ET,2020-03-30 00:00:00,410
ET,2020-03-31 00:00:00,600
ET,2020-04-02 00:00:00,600
FI,2020-03-24 00:00:00,3101
FI,2020-03-25 00:00:00,3408
FI,2020-03-27 00:00:00,3408
FI,2020-03-30 00:00:00,7566
FI,2020-03-31 00:00:00,12432
FI,2020-04-02 00:00:00,4350
FJ,2020-03-25 00:00:00,60
FJ,2020-03-27 00:00:00,60
FJ,2020-03-30 00:00:00,70
FJ,2020-03-31 00:00:00,80
FJ,2020-04-02 00:00:00,80
FR,2020-03-24 00:00:00,246840
FR,2020-03-25 00:00:00,307472
FR,2020-03-27 00:00:00,307472
FR,2020-03-30 00:00:00,411060
FR,2020-03-31 00:00:00,1286373
FR,2020-04-02 00:00:00,879776
GA,2020-03-25 00:00:00,80
GA,2020-03-27 00:00:00,80
GA,2020-03-30 00:00:00,90
GA,2020-03-31 00:00:00,120
GA,2020-04-02 00:00:00,359
GB,2020-03-24 00:00:00,233133
GB,2020-03-25 00:00:00,290909
GB,2020-03-27 00:00:00,290909
GB,2020-03-30 00:00:00,401317
GB,2020-03-31 00:00:00,1407086
GB,2020-04-02 00:00:00,1111661
GD,2020-03-25 00:00:00,30
GD,2020-03-27 00:00:00,30
GD,2020-03-30 00:00:00,90
GE,2020-03-24 00:00:00,610
GE,2020-03-25 00:00:00,730
GE,2020-03-27 00:00:00,730
GE,2020-03-30 00:00:00,830
GE,2020-03-31 00:00:00,1250
GE,2020-04-02 00:00:00,1300
GG,2020-03-25 00:00:00,250
GG,2020-03-27 00:00:00,250
GG,2020-03-30 00:00:00,380
GH,2020-03-25 00:00:00,1040
GH,2020-03-27 00:00:00,1040
GH,2020-03-30 00:00:00,2740
GH,2020-03-31 00:00:00,8000
GH,2020-04-02 00:00:00,8000
GM,2020-03-25 00:00:00,155
GM,2020-03-27 00:00:00,155
GM,2020-03-30 00:00:00,155
GN,2020-03-25 00:00:00,290
GN,2020-03-27 00:00:00,290
GN,2020-03-30 00:00:00,330
GN,2020-03-31 00:00:00,550
GN,2020-04-02 00:00:00,500
GQ,2020-03-25 00:00:00,110
GQ,2020-03-27 00:00:00,110
GQ,2020-03-30 00:00:00,140
GQ,2020-03-31 00:00:00,200
GQ,2020-04-02 00:00:00,200
GR,2020-03-24 00:00:00,6950
GR,2020-03-25 00:00:00,7430
GR,2020-03-27 00:00:00,7430
GR,2020-03-30 00:00:00,9660
GR,2020-03-31 00:00:00,17724
GR,2020-04-02 00:00:00,7785
GT,2020-03-25 00:00:00,335
GT,2020-03-27 00:00:00,335
GT,2020-03-30 00:00:00,375
GT,2020-03-31 00:00:00,550
GT,2020-04-02 00:00:00,653
GU,2020-03-25 00:00:00,580
GU,2020-03-27 00:00:00,580
GY,2020-03-25 00:00:00,70
GY,2020-03-27 00:00:00,70
GY,2020-03-30 00:00:00,70
GY,2020-03-31 00:00:00,120
GY,2020-04-02 00:00:00,699
HN,2020-03-25 00:00:00,720
HN,2020-03-27 00:00:00,720
HN,2020-03-30 00:00:00,1360
HN,2020-03-31 00:00:00,5519
HN,2020-04-02 00:00:00,15083
HR,2020-03-24 00:00:00,3150
HR,2020-03-25 00:00:00,4180
HR,2020-03-27 00:00:00,4180
HR,2020-03-30 00:00:00,5860
HR,2020-03-31 00:00:00,8957
HR,2020-04-02 00:00:00,4271
HT,2020-03-25 00:00:00,320
HT,2020-03-27 00:00:00,320
HT,2020-03-30 00:00:00,330
HT,2020-03-31 00:00:00,550
HT,2020-04-02 00:00:00,100
HU,2020-03-24 00:00:00,1336
HU,2020-03-25 00:00:00,2113
HU,2020-03-27 00:00:00,2113
HU,2020-03-30 00:00:00,3297
HU,2020-03-31 00:00:00,9991
HU,2020-04-02 00:00:00,5255
CH,2020-03-24 00:00:00,51651
CH,2020-03-25 00:00:00,82430
CH,2020-03-27 00:00:00,82430
CH,2020-03-30 00:00:00,120992
CH,2020-03-31 00:00:00,258287
CH,2020-04-02 00:00:00,125583
ID,2020-03-24 00:00:00,8685
ID,2020-03-25 00:00:00,15800
ID,2020-03-27 00:00:00,15800
ID,2020-03-30 00:00:00,20920
ID,2020-03-31 00:00:00,79957
ID,2020-04-02 00:00:00,45194
IE,2020-03-24 00:00:00,4852
IE,2020-03-25 00:00:00,7029
IE,2020-03-27 00:00:00,7029
IE,2020-03-30 00:00:00,11469
IE,2020-03-31 00:00:00,51047
IE,2020-04-02 00:00:00,45768
IL,2020-03-24 00:00:00,3407
IL,2020-03-25 00:00:00,10671
IL,2020-03-27 00:00:00,10671
IL,2020-03-30 00:00:00,12290
IL,2020-03-31 00:00:00,28046
IL,2020-04-02 00:00:00,35293
IM,2020-03-25 00:00:00,250
IM,2020-03-27 00:00:00,250
IM,2020-03-30 00:00:00,310
IN,2020-03-24 00:00:00,4680
IN,2020-03-25 00:00:00,5620
IN,2020-03-27 00:00:00,5620
IN,2020-03-30 00:00:00,7240
IN,2020-03-31 00:00:00,16896
IN,2020-04-02 00:00:00,72658
IQ,2020-03-24 00:00:00,5320
IQ,2020-03-25 00:00:00,6320
IQ,2020-03-27 00:00:00,6320
IQ,2020-03-30 00:00:00,7640
IQ,2020-03-31 00:00:00,13664
IQ,2020-04-02 00:00:00,7584
IR,2020-03-24 00:00:00,902241
IR,2020-03-25 00:00:00,950195
IR,2020-03-27 00:00:00,950195
IR,2020-03-30 00:00:00,1240652
IR,2020-03-31 00:00:00,1200000
IR,2020-04-02 00:00:00,1528318
IS,2020-03-24 00:00:00,3134
IS,2020-03-25 00:00:00,4551
IS,2020-03-27 00:00:00,4551
IS,2020-03-30 00:00:00,5393
IS,2020-03-31 00:00:00,5000
IS,2020-04-02 00:00:00,5000
IT,2020-03-24 00:00:00,751960
IT,2020-03-25 00:00:00,1003492
IT,2020-03-27 00:00:00,1003492
IT,2020-03-30 00:00:00,1291423
IT,2020-03-31 00:00:00,2610072
IT,2020-04-02 00:00:00,1620884
JE,2020-03-25 00:00:00,180
JE,2020-03-27 00:00:00,180
JE,2020-03-30 00:00:00,540
JM,2020-03-25 00:00:00,270
JM,2020-03-27 00:00:00,270
JM,2020-03-30 00:00:00,280
JM,2020-03-31 00:00:00,710
JM,2020-04-02 00:00:00,581
JO,2020-03-24 00:00:00,1120
JO,2020-03-25 00:00:00,1540
JO,2020-03-27 00:00:00,1540
JO,2020-03-30 00:00:00,2120
JO,2020-03-31 00:00:00,5824
JO,2020-04-02 00:00:00,2261
JP,2020-03-24 00:00:00,11280
JP,2020-03-25 00:00:00,10598
JP,2020-03-27 00:00:00,10598
JP,2020-03-30 00:00:00,14742
JP,2020-03-31 00:00:00,30000
JP,2020-04-02 00:00:00,30000
KE,2020-03-25 00:00:00,500
KE,2020-03-27 00:00:00,500
KE,2020-03-30 00:00:00,715
KE,2020-03-31 00:00:00,2000
KE,2020-04-02 00:00:00,2000
KG,2020-03-25 00:00:00,840
KG,2020-03-27 00:00:00,840
KG,2020-03-30 00:00:00,1160
KG,2020-03-31 00:00:00,4000
KG,2020-04-02 00:00:00,3000
KH,2020-03-24 00:00:00,860
KH,2020-03-25 00:00:00,930
KH,2020-03-27 00:00:00,930
KH,2020-03-30 00:00:00,980
KH,2020-03-31 00:00:00,1960
KH,2020-04-02 00:00:00,1100
KR,2020-03-24 00:00:00,26883
KR,2020-03-25 00:00:00,18274
KR,2020-03-27 00:00:00,18274
KR,2020-03-30 00:00:00,9332
KR,2020-03-31 00:00:00,9767
KR,2020-04-02 00:00:00,6793
KW,2020-03-24 00:00:00,1890
KW,2020-03-25 00:00:00,1910
KW,2020-03-27 00:00:00,1910
KW,2020-03-30 00:00:00,2250
KW,2020-03-31 00:00:00,2000
KW,2020-04-02 00:00:00,2000
KZ,2020-03-24 00:00:00,620
KZ,2020-03-25 00:00:00,1440
KZ,2020-03-27 00:00:00,1440
KZ,2020-03-30 00:00:00,2740
KZ,2020-03-31 00:00:00,5500
KZ,2020-04-02 00:00:00,5500
LA,2020-03-25 00:00:00,40
LA,2020-03-27 00:00:00,40
LA,2020-03-30 00:00:00,80
LB,2020-03-24 00:00:00,2560
LB,2020-03-25 00:00:00,3040
LB,2020-03-27 00:00:00,3040
LB,2020-03-30 00:00:00,3910
LB,2020-03-31 00:00:00,4252
LB,2020-04-02 00:00:00,4673
LC,2020-03-30 00:00:00,50
LC,2020-03-31 00:00:00,100
LC,2020-04-02 00:00:00,100
LI,2020-03-30 00:00:00,1120
LI,2020-03-31 00:00:00,2500
LI,2020-04-02 00:00:00,2500
LK,2020-03-24 00:00:00,970
LK,2020-03-25 00:00:00,1020
LK,2020-03-27 00:00:00,1020
LK,2020-03-30 00:00:00,1060
LK,2020-03-31 00:00:00,2605
LK,2020-04-02 00:00:00,706
LR,2020-03-25 00:00:00,280
LR,2020-03-27 00:00:00,280
LR,2020-03-30 00:00:00,280
LR,2020-03-31 00:00:00,500
LR,2020-04-02 00:00:00,500
LT,2020-03-24 00:00:00,1232
LT,2020-03-25 00:00:00,2130
LT,2020-03-27 00:00:00,2130
LT,2020-03-30 00:00:00,3450
LT,2020-03-31 00:00:00,9398
LT,2020-04-02 00:00:00,7263
LU,2020-03-24 00:00:00,8750
LU,2020-03-25 00:00:00,10990
LU,2020-03-27 00:00:00,10990
LU,2020-03-30 00:00:00,16050
LU,2020-03-31 00:00:00,34370
LU,2020-04-02 00:00:00,22686
LV,2020-03-24 00:00:00,1440
LV,2020-03-25 00:00:00,1550
LV,2020-03-27 00:00:00,1550
LV,2020-03-30 00:00:00,2240
LV,2020-03-31 00:00:00,3840
LV,2020-04-02 00:00:00,3800
LY,2020-03-25 00:00:00,30
LY,2020-03-27 00:00:00,30
LY,2020-03-30 00:00:00,30
MA,2020-03-24 00:00:00,1430
MA,2020-03-25 00:00:00,1700
MA,2020-03-27 00:00:00,1700
MA,2020-03-30 00:00:00,6660
MA,2020-03-31 00:00:00,27699
MA,2020-04-02 00:00:00,23055
MC,2020-03-25 00:00:00,250
MC,2020-03-27 00:00:00,250
MC,2020-03-30 00:00:00,350
MC,2020-03-31 00:00:00,954
MC,2020-04-02 00:00:00,280
MD,2020-03-24 00:00:00,940
MD,2020-03-25 00:00:00,1250
MD,2020-03-27 00:00:00,1250
MD,2020-03-30 00:00:00,1990
MD,2020-03-31 00:00:00,5047
MD,2020-04-02 00:00:00,3526
ME,2020-03-25 00:00:00,940
ME,2020-03-27 00:00:00,940
ME,2020-03-30 00:00:00,1400
ME,2020-03-31 00:00:00,2800
ME,2020-04-02 00:00:00,2800
MG,2020-03-25 00:00:00,420
MG,2020-03-27 00:00:00,420
MG,2020-03-30 00:00:00,490
MG,2020-03-31 00:00:00,760
MG,2020-04-02 00:00:00,800
MK,2020-03-25 00:00:00,1624
MK,2020-03-27 00:00:00,1624
MK,2020-03-30 00:00:00,2458
MK,2020-03-31 00:00:00,7210
MK,2020-04-02 00:00:00,4729
MM,2020-03-25 00:00:00,50
MM,2020-03-27 00:00:00,50
MM,2020-03-30 00:00:00,70
MN,2020-03-25 00:00:00,120
MN,2020-03-27 00:00:00,120
MN,2020-03-30 00:00:00,130
MN,2020-03-31 00:00:00,230
MN,2020-04-02 00:00:00,5
MP,2020-03-25 00:00:00,20
MP,2020-03-27 00:00:00,20
MR,2020-03-25 00:00:00,270
MR,2020-03-27 00:00:00,270
MR,2020-03-30 00:00:00,280
MR,2020-03-31 00:00:00,3000
MR,2020-04-02 00:00:00,3000
MT,2020-03-24 00:00:00,856
MT,2020-03-25 00:00:00,1100
MT,2020-03-27 00:00:00,1100
MT,2020-03-30 00:00:00,1390
MT,2020-03-31 00:00:00,2700
MT,2020-04-02 00:00:00,2700
MU,2020-03-25 00:00:00,960
MU,2020-03-27 00:00:00,960
MU,2020-03-30 00:00:00,1880
MU,2020-03-31 00:00:00,7000
MU,2020-04-02 00:00:00,4000
MV,2020-03-25 00:00:00,150
MV,2020-03-27 00:00:00,150
MV,2020-03-30 00:00:00,150
MV,2020-03-31 00:00:00,200
MV,2020-04-02 00:00:00,200
MX,2020-03-24 00:00:00,3160
MX,2020-03-25 00:00:00,11010
MX,2020-03-27 00:00:00,11010
MX,2020-03-30 00:00:00,17550
MX,2020-03-31 00:00:00,39655
MX,2020-04-02 00:00:00,18543
MY,2020-03-24 00:00:00,16217
MY,2020-03-25 00:00:00,20771
MY,2020-03-27 00:00:00,20771
MY,2020-03-30 00:00:00,27150
MY,2020-03-31 00:00:00,32918
MY,2020-04-02 00:00:00,10569
MZ,2020-03-25 00:00:00,50
MZ,2020-03-27 00:00:00,50
MZ,2020-03-30 00:00:00,90
NA,2020-03-25 00:00:00,133
NA,2020-03-27 00:00:00,133
NA,2020-03-30 00:00:00,143
NA,2020-03-31 00:00:00,400
NA,2020-04-02 00:00:00,400
NE,2020-03-25 00:00:00,320
NE,2020-03-27 00:00:00,320
NE,2020-03-30 00:00:00,600
NE,2020-03-31 00:00:00,8000
NE,2020-04-02 00:00:00,8000
NG,2020-03-25 00:00:00,920
NG,2020-03-27 00:00:00,920
NG,2020-03-30 00:00:00,1400
NG,2020-03-31 00:00:00,10000
NG,2020-04-02 00:00:00,7411
NI,2020-03-25 00:00:00,270
NI,2020-03-27 00:00:00,270
NI,2020-03-30 00:00:00,520
NI,2020-03-31 00:00:00,2000
NI,2020-04-02 00:00:00,2000
NL,2020-03-24 00:00:00,218880
NL,2020-03-25 00:00:00,277400
NL,2020-03-27 00:00:00,277400
NL,2020-03-30 00:00:00,524010
NL,2020-03-31 00:00:00,825615
NL,2020-04-02 00:00:00,600000
NO,2020-03-24 00:00:00,18280
NO,2020-03-25 00:00:00,22586
NO,2020-03-27 00:00:00,22586
NO,2020-03-30 00:00:00,33715
NO,2020-03-31 00:00:00,50000
NO,2020-04-02 00:00:00,46866
NP,2020-03-25 00:00:00,270
NP,2020-03-27 00:00:00,270
NP,2020-03-30 00:00:00,290
NP,2020-03-31 00:00:00,2000
NP,2020-04-02 00:00:00,2000
NZ,2020-03-24 00:00:00,816
NZ,2020-03-25 00:00:00,2050
NZ,2020-03-27 00:00:00,2050
NZ,2020-03-30 00:00:00,1840
NZ,2020-03-31 00:00:00,4800
NZ,2020-04-02 00:00:00,4800
OM,2020-03-24 00:00:00,660
OM,2020-03-25 00:00:00,840
OM,2020-03-27 00:00:00,840
OM,2020-03-30 00:00:00,1310
OM,2020-03-31 00:00:00,836
OM,2020-04-02 00:00:00,503
PA,2020-03-24 00:00:00,4748
PA,2020-03-25 00:00:00,8123
PA,2020-03-27 00:00:00,8123
PA,2020-03-30 00:00:00,10570
PA,2020-03-31 00:00:00,31855
PA,2020-04-02 00:00:00,19775
PE,2020-03-24 00:00:00,3630
PE,2020-03-25 00:00:00,4160
PE,2020-03-27 00:00:00,4160
PE,2020-03-30 00:00:00,6350
PE,2020-03-31 00:00:00,24690
PE,2020-04-02 00:00:00,22613
PG,2020-03-25 00:00:00,260
PG,2020-03-27 00:00:00,260
PG,2020-03-30 00:00:00,260
PG,2020-03-31 00:00:00,520
PG,2020-04-02 00:00:00,250
PH,2020-03-24 00:00:00,3942
PH,2020-03-25 00:00:00,11588
PH,2020-03-27 00:00:00,11588
PH,2020-03-30 00:00:00,14765
PH,2020-03-31 00:00:00,52565
PH,2020-04-02 00:00:00,37282
PK,2020-03-24 00:00:00,21875
PK,2020-03-25 00:00:00,30000
PK,2020-03-27 00:00:00,30000
PK,2020-03-30 00:00:00,38880
PK,2020-03-31 00:00:00,56875
PK,2020-04-02 00:00:00,16429
PL,2020-03-24 00:00:00,5992
PL,2020-03-25 00:00:00,8296
PL,2020-03-27 00:00:00,8296
PL,2020-03-30 00:00:00,15688
PL,2020-03-31 00:00:00,40702
PL,2020-04-02 00:00:00,23668
PR,2020-03-25 00:00:00,620
PR,2020-03-27 00:00:00,620
PR,2020-03-30 00:00:00,1580
PS,2020-03-30 00:00:00,1820
PT,2020-03-24 00:00:00,28700
PT,2020-03-25 00:00:00,44115
PT,2020-03-27 00:00:00,44115
PT,2020-03-30 00:00:00,82140
PT,2020-03-31 00:00:00,205075
PT,2020-04-02 00:00:00,113697
PY,2020-03-25 00:00:00,740
PY,2020-03-27 00:00:00,740
PY,2020-03-30 00:00:00,1040
PY,2020-03-31 00:00:00,1424
PY,2020-04-02 00:00:00,863
QA,2020-03-24 00:00:00,2400
QA,2020-03-25 00:00:00,2400
QA,2020-03-27 00:00:00,2400
QA,2020-03-30 00:00:00,2400
QA,2020-03-31 00:00:00,846
QA,2020-04-02 00:00:00,584
RO,2020-03-24 00:00:00,4608
RO,2020-03-25 00:00:00,9060
RO,2020-03-27 00:00:00,9060
RO,2020-03-30 00:00:00,12920
RO,2020-03-31 00:00:00,51407
RO,2020-04-02 00:00:00,37884
RS,2020-03-24 00:00:00,2490
RS,2020-03-25 00:00:00,3030
RS,2020-03-27 00:00:00,3030
RS,2020-03-30 00:00:00,5280
RS,2020-03-31 00:00:00,16442
RS,2020-04-02 00:00:00,13663
RU,2020-03-24 00:00:00,4380
RU,2020-03-25 00:00:00,6580
RU,2020-03-27 00:00:00,6580
RU,2020-03-30 00:00:00,10360
RU,2020-03-31 00:00:00,23740
RU,2020-04-02 00:00:00,36748
RW,2020-03-25 00:00:00,800
RW,2020-03-27 00:00:00,800
RW,2020-03-30 00:00:00,1000
RW,2020-03-31 00:00:00,2000
RW,2020-04-02 00:00:00,2000
SA,2020-03-24 00:00:00,5110
SA,2020-03-25 00:00:00,7670
SA,2020-03-27 00:00:00,7670
SA,2020-03-30 00:00:00,11040
SA,2020-03-31 00:00:00,18796
SA,2020-04-02 00:00:00,10198
SC,2020-03-25 00:00:00,90
SC,2020-03-27 00:00:00,90
SC,2020-03-30 00:00:00,90
SC,2020-03-31 00:00:00,200
SC,2020-04-02 00:00:00,200
SD,2020-03-25 00:00:00,280
SD,2020-03-27 00:00:00,280
SD,2020-03-30 00:00:00,280
SD,2020-03-31 00:00:00,5000
SD,2020-04-02 00:00:00,5000
SE,2020-03-24 00:00:00,30230
SE,2020-03-25 00:00:00,43500
SE,2020-03-27 00:00:00,43500
SE,2020-03-30 00:00:00,46035
SE,2020-03-31 00:00:00,60622
SE,2020-04-02 00:00:00,40676
SG,2020-03-24 00:00:00,764
SG,2020-03-25 00:00:00,837
SG,2020-03-27 00:00:00,837
SG,2020-03-30 00:00:00,1098
SG,2020-03-31 00:00:00,926
SG,2020-04-02 00:00:00,10500
SI,2020-03-24 00:00:00,4168
SI,2020-03-25 00:00:00,4400
SI,2020-03-27 00:00:00,4400
SI,2020-03-30 00:00:00,8780
SI,2020-03-31 00:00:00,9626
SI,2020-04-02 00:00:00,9000
SK,2020-03-24 00:00:00,1480
SK,2020-03-25 00:00:00,2103
SK,2020-03-27 00:00:00,2103
SK,2020-03-30 00:00:00,2951
SK,2020-03-31 00:00:00,6000
SK,2020-04-02 00:00:00,6000
SM,2020-03-30 00:00:00,1979
SM,2020-03-31 00:00:00,3129
SM,2020-04-02 00:00:00,1773
SN,2020-03-24 00:00:00,670
SN,2020-03-25 00:00:00,990
SN,2020-03-27 00:00:00,990
SN,2020-03-30 00:00:00,1190
SN,2020-03-31 00:00:00,3000
SN,2020-04-02 00:00:00,3000
SO,2020-03-25 00:00:00,260
SO,2020-03-27 00:00:00,260
SO,2020-03-30 00:00:00,280
SO,2020-03-31 00:00:00,3000
SO,2020-04-02 00:00:00,2000
SR,2020-03-25 00:00:00,100
SR,2020-03-27 00:00:00,100
SR,2020-03-30 00:00:00,100
SR,2020-03-31 00:00:00,500
SR,2020-04-02 00:00:00,500
SV,2020-03-30 00:00:00,255
SV,2020-03-31 00:00:00,300
SV,2020-04-02 00:00:00,410
SY,2020-03-25 00:00:00,30
SY,2020-03-27 00:00:00,30
SY,2020-03-30 00:00:00,300
SZ,2020-03-30 00:00:00,110
SZ,2020-03-31 00:00:00,120
SZ,2020-04-02 00:00:00,120
TD,2020-03-25 00:00:00,280
TD,2020-03-27 00:00:00,280
TD,2020-03-30 00:00:00,280
TD,2020-03-31 00:00:00,500
TD,2020-04-02 00:00:00,500
TG,2020-03-25 00:00:00,263
TG,2020-03-27 00:00:00,263
TG,2020-03-30 00:00:00,313
TG,2020-03-31 00:00:00,729
TG,2020-04-02 00:00:00,2117
TH,2020-03-24 00:00:00,4067
TH,2020-03-25 00:00:00,6825
TH,2020-03-27 00:00:00,6825
TH,2020-03-30 00:00:00,8629
TH,2020-03-31 00:00:00,10988
TH,2020-04-02 00:00:00,7001
TL,2020-03-25 00:00:00,30
TL,2020-03-27 00:00:00,30
TL,2020-03-30 00:00:00,30
TN,2020-03-24 00:00:00,890
TN,2020-03-25 00:00:00,1140
TN,2020-03-27 00:00:00,1140
TN,2020-03-30 00:00:00,2270
TN,2020-03-31 00:00:00,7993
TN,2020-04-02 00:00:00,6134
TR,2020-03-24 00:00:00,24720
TR,2020-03-25 00:00:00,56160
TR,2020-03-27 00:00:00,56160
TR,2020-03-30 00:00:00,56980
TR,2020-03-31 00:00:00,197535
TR,2020-04-02 00:00:00,361063
TT,2020-03-25 00:00:00,1140
TT,2020-03-27 00:00:00,1140
TT,2020-03-30 00:00:00,1320
TT,2020-03-31 00:00:00,3000
TT,2020-04-02 00:00:00,3000
TW,2020-03-24 00:00:00,293
TW,2020-03-25 00:00:00,470
TW,2020-03-27 00:00:00,470
TW,2020-03-30 00:00:00,534
TZ,2020-03-25 00:00:00,370
TZ,2020-03-27 00:00:00,370
TZ,2020-03-30 00:00:00,380
TZ,2020-03-31 00:00:00,1000
TZ,2020-04-02 00:00:00,1000
UA,2020-03-24 00:00:00,730
UA,2020-03-25 00:00:00,1130
UA,2020-03-27 00:00:00,1130
UA,2020-03-30 00:00:00,3100
UA,2020-03-31 00:00:00,12986
UA,2020-04-02 00:00:00,20717
UG,2020-03-25 00:00:00,340
UG,2020-03-27 00:00:00,340
UG,2020-03-30 00:00:00,430
UG,2020-03-31 00:00:00,1100
UG,2020-04-02 00:00:00,1100
US,2020-03-24 00:00:00,771570
US,2020-03-25 00:00:00,1058175
US,2020-03-27 00:00:00,1058175
US,2020-03-30 00:00:00,1135180
US,2020-03-31 00:00:00,3750862
US,2020-04-02 00:00:00,4906071
UY,2020-03-24 00:00:00,1350
UY,2020-03-25 00:00:00,1620
UY,2020-03-27 00:00:00,1620
UY,2020-03-30 00:00:00,2380
UY,2020-03-31 00:00:00,5000
UY,2020-04-02 00:00:00,5000
UZ,2020-03-25 00:00:00,1000
UZ,2020-03-27 00:00:00,1000
UZ,2020-03-30 00:00:00,1760
UZ,2020-03-31 00:00:00,3356
UZ,2020-04-02 00:00:00,2561
VA,2020-03-30 00:00:00,60
VC,2020-03-30 00:00:00,30
VC,2020-03-31 00:00:00,60
VC,2020-04-02 00:00:00,60
VE,2020-03-24 00:00:00,770
VE,2020-03-25 00:00:00,910
VE,2020-03-27 00:00:00,910
VE,2020-03-30 00:00:00,1070
VE,2020-03-31 00:00:00,10000
VE,2020-04-02 00:00:00,10000
VN,2020-03-24 00:00:00,244
VN,2020-03-25 00:00:00,268
VN,2020-03-27 00:00:00,268
VN,2020-03-30 00:00:00,326
VN,2020-03-31 00:00:00,500
VN,2020-04-02 00:00:00,500
ZA,2020-03-25 00:00:00,14180
ZA,2020-03-27 00:00:00,14180
ZA,2020-03-30 00:00:00,23400
ZA,2020-03-31 00:00:00,19349
ZA,2020-04-02 00:00:00,15000
ZM,2020-03-25 00:00:00,370
ZM,2020-03-27 00:00:00,370
ZM,2020-03-30 00:00:00,470
ZM,2020-03-31 00:00:00,2000
ZM,2020-04-02 00:00:00,2000
ZW,2020-03-25 00:00:00,280
ZW,2020-03-27 00:00:00,280
ZW,2020-03-30 00:00:00,300
ZW,2020-03-31 00:00:00,3000
ZW,2020-04-02 00:00:00,3000
